|Run	|Epoch	#SSE	#AvgSSE	#PctErr	#PctCor	#CosDiff	#Mem	#TrgOnWasOff	#TrgOffWasOn	#ECin ActAvg	#DG ActAvg	#CA3 ActAvg	#CA1 ActAvg
0	0	39.57	0.2748	1	0	0.05477	0	0.7639	0.1884	0.2256	0.0139	0.05672	0.08178
0	1	14.56	0.1011	1	0	0.6625	0	0.3222	0.06944	0.2286	0.01569	0.07006	0.0798
0	2	11.33	0.07869	1	0	0.7397	0	0.2514	0.05463	0.2309	0.01739	0.08278	0.07879
0	3	8.789	0.06104	1	0	0.7989	0	0.1917	0.0463	0.2327	0.01907	0.09364	0.07843
0	4	4.567	0.03172	1	0	0.8931	0	0.1153	0.02407	0.234	0.02081	0.1031	0.07841
0	5	3.679	0.02555	0.95	0.05	0.9147	0	0.07778	0.02315	0.2351	0.02246	0.1106	0.07863
0	6	2.978	0.02068	0.9	0.1	0.9323	0	0.0625	0.01944	0.236	0.02417	0.1166	0.07898
0	7	2.439	0.01694	0.9	0.1	0.944	0	0.05417	0.01435	0.2366	0.02594	0.1213	0.07936
